{"metaVersion":2,"name":"Programação de Férias Individual","icon":"fad fa-globe-americas","description":"Permite que o colaborador programe sua saída de férias","executionType":"Ecm","entityVersion":26,"author":"senior","created":"2020-11-05T12:01:32.000","simple":false,"embedded":false,"tag":"rh","viewName":"BPM_programacao_individual_de_ferias","contextVariable":[{"id":"e4e2308b7557677701757fdca2cb1426","processId":7,"processVersion":54,"name":"paga_13","label":"Incluir Pagamento de 13º?","variableType":"Boolean","orderField":16,"visibleForRequester":false,"deprecated":true,"visibleForDecisionCenter":false},{"id":"e4e2308b7557677701757ffbbcd2142a","processId":7,"processVersion":65,"name":"terper","label":"Programar 3º Período?","variableType":"Boolean","orderField":22,"visibleForRequester":false,"deprecated":false,"visibleForDecisionCenter":false},{"id":"e4e2308b7557677701757ffbbcd7142b","processId":7,"processVersion":65,"name":"datini3","label":"Início 3º Período de Férias","variableType":"Date","orderField":23,"visibleForRequester":false,"deprecated":false,"visibleForDecisionCenter":false},{"id":"e4e2308b7557677701757c8ec47e132e","processId":7,"processVersion":18,"name":"diaabo2","label":"Nº de dias de Abono","variableType":"Integer","orderField":18,"visibleForRequester":false,"deprecated":true,"visibleForDecisionCenter":false},{"id":"e4e2308b75576777017584cc021f16f1","processId":7,"processVersion":47,"name":"tipcol","label":"Tipo do Colaborador (usado para regras)","variableType":"String","orderField":27,"visibleForRequester":false,"deprecated":true,"visibleForDecisionCenter":false},{"id":"e4e2308b75576777017576f9fe010f54","processId":7,"processVersion":43,"name":"numcad","label":"Cadastro (usado para regras)","variableType":"Integer","orderField":28,"visibleForRequester":false,"deprecated":true,"visibleForDecisionCenter":false},{"id":"e4e2308b755767770175770e0ebc0f59","processId":7,"processVersion":65,"name":"periodo","label":"Período de Férias","variableType":"String","orderField":3,"visibleForRequester":false,"deprecated":false,"visibleForDecisionCenter":false},{"id":"e4e2308b75576777017580f6e60c14df","processId":7,"processVersion":65,"name":"datsug","label":"Data mínima sugerida para Saída de férias","variableType":"String","orderField":4,"visibleForRequester":false,"deprecated":false,"visibleForDecisionCenter":false},{"id":"e4e2308b7557677701757cb866111362","processId":7,"processVersion":65,"name":"limcon","label":"Limite de Concessão das Férias","variableType":"String","orderField":5,"visibleForRequester":false,"deprecated":false,"visibleForDecisionCenter":false},{"id":"e4e2308b755767770175775e58c60f60","processId":7,"processVersion":6,"name":"iniper","label":"Início do Período Aquisitivo (usado para regras)","variableType":"Date","orderField":15,"visibleForRequester":false,"deprecated":true,"visibleForDecisionCenter":false},{"id":"e4e2308b755767770175775e58b00f5d","processId":7,"processVersion":65,"name":"prgdat","label":"Data da Última Programação de Férias","variableType":"String","orderField":8,"visibleForRequester":false,"deprecated":false,"visibleForDecisionCenter":false},{"id":"e4e2308b75576777017575f8d79c0dc4","processId":7,"processVersion":9,"name":"nomfun","label":"Colaborador","variableType":"String","orderField":1,"visibleForRequester":false,"deprecated":true,"visibleForDecisionCenter":false},{"id":"e4e2308b755767770175775e58b30f5e","processId":7,"processVersion":65,"name":"prgdfe","label":"Dias de Férias","variableType":"String","orderField":9,"visibleForRequester":false,"deprecated":false,"visibleForDecisionCenter":false},{"id":"e4e2308b755767770175775e58b50f5f","processId":7,"processVersion":65,"name":"prgdab","label":"Dias de Abono","variableType":"String","orderField":10,"visibleForRequester":false,"deprecated":false,"visibleForDecisionCenter":false},{"id":"e4e2308b7557677701757767f4150f64","processId":7,"processVersion":9,"name":"iniper2","label":"Início do Período Aquisitivo (usado para regras)","variableType":"String","orderField":18,"visibleForRequester":false,"deprecated":true,"visibleForDecisionCenter":false},{"id":"e4e2308b75576777017575f8d7af0dc7","processId":7,"processVersion":3,"name":"matricula_usado_para_regras","label":"Matrícula (usado para regras)","variableType":"Integer","orderField":9,"visibleForRequester":false,"deprecated":true,"visibleForDecisionCenter":false},{"id":"e4e2308b7557677701757c7eb8eb131e","processId":7,"processVersion":65,"name":"ferpag","label":"Férias já foi paga?","variableType":"String","orderField":11,"visibleForRequester":false,"deprecated":false,"visibleForDecisionCenter":false},{"id":"e4e2308b75576777017575ec4eef0da3","processId":7,"processVersion":65,"name":"datini","label":"Início 1º Período de Férias","variableType":"Date","orderField":13,"visibleForRequester":false,"deprecated":false,"visibleForDecisionCenter":false},{"id":"e4e2308b75576777017575ec4ef10da4","processId":7,"processVersion":65,"name":"diafer","label":"Nº de dias de Férias","variableType":"Integer","orderField":14,"visibleForRequester":false,"deprecated":false,"visibleForDecisionCenter":false},{"id":"e4e2308b75576777017575f8d7a10dc5","processId":7,"processVersion":5,"name":"buscar_periodo","label":"Clique aqui","variableType":"Boolean","orderField":3,"visibleForRequester":false,"deprecated":true,"visibleForDecisionCenter":false},{"id":"e4e2308b755767770175770a464d0f58","processId":7,"processVersion":5,"name":"periodo_de_ferias","label":"Período de Férias","variableType":"String","orderField":3,"visibleForRequester":false,"deprecated":true,"visibleForDecisionCenter":false},{"id":"e4e2308b75576777017575ec4ef40da5","processId":7,"processVersion":65,"name":"diaabo","label":"Nº de dias de Abono (Mínimo 5 dias)","variableType":"Integer","orderField":15,"visibleForRequester":false,"deprecated":false,"visibleForDecisionCenter":false},{"id":"e4e2308b7557677701757c8ec466132b","processId":7,"processVersion":65,"name":"segper","label":"Programar 2º Período?","variableType":"Boolean","orderField":18,"visibleForRequester":false,"deprecated":false,"visibleForDecisionCenter":false},{"id":"e4e2308b7557677701757c8ec46e132c","processId":7,"processVersion":65,"name":"datini2","label":"Início 2º Período de Férias","variableType":"Date","orderField":19,"visibleForRequester":false,"deprecated":false,"visibleForDecisionCenter":false},{"id":"e4e2308b7557677701757ffbbcdf142c","processId":7,"processVersion":65,"name":"diafer3","label":"Nº de dias de Férias (Mínimo 5 dias)","variableType":"Integer","orderField":24,"visibleForRequester":false,"deprecated":false,"visibleForDecisionCenter":false},{"id":"e4e2308b7557677701757c8ec477132d","processId":7,"processVersion":65,"name":"diafer2","label":"Nº de dias de Férias","variableType":"Integer","orderField":20,"visibleForRequester":false,"deprecated":false,"visibleForDecisionCenter":false},{"id":"e4e2308b7557677701757c8ec488132f","processId":7,"processVersion":65,"name":"iniper1","label":"Início do Período Aquisitivo (usado para regras)","variableType":"String","orderField":25,"visibleForRequester":false,"deprecated":false,"visibleForDecisionCenter":false},{"id":"e4e2308b75576777017575f8d7ac0dc6","processId":7,"processVersion":43,"name":"numemp","label":"Empresa (usado para regras)","variableType":"Integer","orderField":26,"visibleForRequester":false,"deprecated":true,"visibleForDecisionCenter":false},{"id":"e4e2308b755767770175775e58cb0f62","processId":7,"processVersion":42,"name":"qtddir","label":"Dias de Direito de Férias (usado para regras)","variableType":"String","orderField":26,"visibleForRequester":false,"deprecated":true,"visibleForDecisionCenter":false},{"id":"e4e2308b75576777017584a119b616c3","processId":7,"processVersion":42,"name":"nomfun2","label":"Nome do Colaborador (usado para regras)","variableType":"String","orderField":27,"visibleForRequester":false,"deprecated":true,"visibleForDecisionCenter":false},{"id":"e4e2c39075906cb8017590fb87330134","processId":7,"processVersion":65,"name":"nomfun1","label":"Nome do Colaborador (CASO SEU NOME NÃO APAREÇA CLIQUE F5)","variableType":"String","orderField":1,"visibleForRequester":false,"deprecated":false,"visibleForDecisionCenter":false},{"id":"e4e2308b755767770175775e58cd0f63","processId":7,"processVersion":65,"name":"qtdsld","label":"Dias de Saldo","variableType":"String","orderField":6,"visibleForRequester":false,"deprecated":false,"visibleForDecisionCenter":false},{"id":"e4e2c39075906cb8017591824d3b027d","processId":7,"processVersion":65,"name":"pag13s","label":"Incluir Pagamento de 13º?","variableType":"Boolean","orderField":16,"visibleForRequester":false,"deprecated":false,"visibleForDecisionCenter":false},{"id":"e4e2308b755767770175775e58c80f61","processId":7,"processVersion":65,"name":"fimper","label":"Fim do Período Aquisitivo (usado para regras)","variableType":"String","orderField":26,"visibleForRequester":false,"deprecated":false,"visibleForDecisionCenter":false},{"id":"e4e2308b755767770175902f1af82831","processId":7,"processVersion":65,"name":"numemp1","label":"Empresa (usado para regras)","variableType":"String","orderField":27,"visibleForRequester":false,"deprecated":false,"visibleForDecisionCenter":false},{"id":"e4e2c39075906cb8017590fb877d0135","processId":7,"processVersion":65,"name":"tipcol1","label":"Tipo do Colaborador (usado para regras)","variableType":"String","orderField":28,"visibleForRequester":false,"deprecated":false,"visibleForDecisionCenter":false},{"id":"e4e2308b755767770175902f1afb2832","processId":7,"processVersion":65,"name":"numcad1","label":"Cadastro (usado para regras)","variableType":"String","orderField":29,"visibleForRequester":false,"deprecated":false,"visibleForDecisionCenter":false},{"id":"e4e2c39075906cb8017595bb2c2a0ae2","processId":7,"processVersion":65,"name":"lisfer1","label":"Lista de Datas de Férias (usado para regras)","variableType":"String","orderField":30,"visibleForRequester":false,"deprecated":false,"visibleForDecisionCenter":false},{"id":"e4e2c39075906cb80175966e24f50c00","processId":7,"processVersion":65,"name":"usuche","label":"Chefia Imediata (usado para regras)","variableType":"String","orderField":31,"visibleForRequester":false,"deprecated":false,"visibleForDecisionCenter":false}],"services":[{"id":"e4e12582752579fd017528d4fd4a01ca","name":"feriasGravar","execution":"TASK","protocol":"REST","method":"POST","url":"http://ec2-3-237-205-148.compute-1.amazonaws.com:8080/SXI/G5Rest?server\u003dhttp://ec2-3-237-205-148.compute-1.amazonaws.com:8080\u0026module\u003drubi\u0026service\u003dcom.senior.bpm.dados\u0026port\u003dferiasGravar","params":[{"id":"e4e12582752579fd017528f85f9b0217","name":"segper","input":true,"paramType":"String"},{"id":"e4e2308b75576777017586854a7d1830","name":"terper","input":true,"paramType":"String"},{"id":"e4e12582752579fd017528f85f9d0219","name":"datfe3","input":true,"paramType":"String"},{"id":"e4e12582752579fd017528f85f9e021a","name":"diafe3","input":true,"paramType":"String"},{"id":"e4e12582752579fd017528f85f990214","name":"iniper","input":true,"paramType":"String"},{"id":"e4e12582752579fd017528f85f9a0215","name":"numemp","input":true,"paramType":"String"},{"id":"e4e12582752579fd017528f85f9b0216","name":"tipcol","input":true,"paramType":"String"},{"id":"e4e2308b75576777017586854a7e1836","name":"numcad","input":true,"paramType":"String"},{"id":"e4e2308b75576777017586854a7d1831","name":"datfer","input":true,"paramType":"String"},{"id":"e4e2308b75576777017586854a7e1835","name":"datfe2","input":true,"paramType":"String"},{"id":"e4e12582752579fd017528f85f9c0218","name":"diafe2","input":true,"paramType":"String"},{"id":"e4e2308b75576777017586854a7d1832","name":"diafer","input":true,"paramType":"String"},{"id":"e4e2308b75576777017586854a7d1833","name":"diaabo","input":true,"paramType":"String"},{"id":"e4e2308b75576777017586854a7d1834","name":"pag13s","input":true,"paramType":"String"}]},{"id":"e4e2308b7557677701757b508e9d12e1","name":"colaboradorAtivo","execution":"TASK","protocol":"REST","method":"GET","url":"http://ec2-3-237-205-148.compute-1.amazonaws.com:8080/SXI/G5Rest?server\u003dhttp://ec2-3-237-205-148.compute-1.amazonaws.com:8080\u0026module\u003drubi\u0026service\u003dcom.senior.bpm.dados\u0026port\u003dcolabConsulta","params":[{"id":"e4e2308b7557677701757b508e9d12e2","name":"naotem","input":true,"paramType":"String"},{"id":"e4e2c39075906cb8017595bc77ca0ae3","name":"lisfer","input":false,"paramType":"String"},{"id":"e4e2308b75576777017584a9900816cc","name":"nomfun","input":false,"paramType":"String"},{"id":"e4e2308b75576777017584dc89c31703","name":"numcad","input":false,"paramType":"String"},{"id":"e4e2308b75576777017584a9900816cb","name":"tipcol","input":false,"paramType":"String"},{"id":"e4e2308b75576777017584a9900916cd","name":"numemp","input":false,"paramType":"String"},{"id":"e4e2c39075906cb80175967118920c12","name":"usuche","input":false,"paramType":"String"}]}],"customAssignments":[],"form":{"name":"programacao_de_ferias_individual","title":"Programação de Férias Individual","version":26,"fields":[{"name":"politica_de_saida_de_ferias","type":"Link","label":"Política de Saída de Férias (LEIA-ME)","size":"100%","order":0,"required":false,"validationRegex":"","tooltip":"Guia rápido com informações sobre sua saída de férias","mask":"","appWorkflow":false,"isBreakLine":false,"calculationConfig":{"calculation":"https://documentacao.senior.com.br/seniorxplatform/manual-do-usuario/hcm/painel-gestao/gestao-de-ferias.htm","triggerFields":[]}},{"name":"nomfun1","type":"String","label":"Nome do Colaborador (CASO SEU NOME NÃO APAREÇA CLIQUE F5)","size":"100%","order":1,"required":false,"validationRegex":"","tooltip":"O período de férias só ficará disponível caso seu nome apareça neste campo","mask":"","appWorkflow":false,"isBreakLine":false},{"name":"periodo","type":"String","label":"Período de Férias","size":"25%","order":3,"required":false,"validationRegex":"","tooltip":"Irá aparecer apenas seu próximo período de férias disponível.","mask":"","datasource":{"type":"Query","config":"{\"name\":\"feriasConsulta\",\"field\":\"iniper\",\"filters\":[]}"},"appWorkflow":false,"isBreakLine":false},{"name":"datsug","type":"String","label":"Data mínima sugerida para Saída de férias","size":"25%","order":4,"required":false,"validationRegex":"","tooltip":"Data mínima sugerida para Saída de férias, de acordo com o período aquisitivo","mask":"","datasource":{"type":"Resulting","config":"{\"formField\":\"periodo\",\"dataSourceField\":\"sugini\"}"},"appWorkflow":false,"isBreakLine":false},{"name":"limcon","type":"String","label":"Limite de Concessão das Férias","size":"25%","order":5,"required":false,"validationRegex":"","tooltip":"Última data de saída de férias para este período aquisitivo","mask":"","datasource":{"type":"Resulting","config":"{\"formField\":\"periodo\",\"dataSourceField\":\"limcon\"}"},"appWorkflow":false,"isBreakLine":false},{"name":"qtdsld","type":"String","label":"Dias de Saldo","size":"25%","order":6,"required":false,"validationRegex":"","tooltip":"Dias de Saldo de Férias","mask":"","datasource":{"type":"Resulting","config":"{\"formField\":\"periodo\",\"dataSourceField\":\"qtdsld\"}"},"appWorkflow":false,"isBreakLine":true},{"name":"prgdat","type":"String","label":"Data da Última Programação de Férias","size":"25%","order":8,"required":false,"validationRegex":"","tooltip":"Data da Última Programação de Férias","mask":"","datasource":{"type":"Resulting","config":"{\"formField\":\"periodo\",\"dataSourceField\":\"prgdat\"}"},"appWorkflow":false,"isBreakLine":false},{"name":"prgdfe","type":"String","label":"Dias de Férias","size":"25%","order":9,"required":false,"validationRegex":"","tooltip":"Dias de Férias da Última Programação","mask":"","datasource":{"type":"Resulting","config":"{\"formField\":\"periodo\",\"dataSourceField\":\"prgdfe\"}"},"appWorkflow":false,"isBreakLine":false},{"name":"prgdab","type":"String","label":"Dias de Abono","size":"25%","order":10,"required":false,"validationRegex":"","tooltip":"Dias de Abono da Última Programação de Férias","mask":"","datasource":{"type":"Resulting","config":"{\"formField\":\"periodo\",\"dataSourceField\":\"prgdab\"}"},"appWorkflow":false,"isBreakLine":false},{"name":"ferpag","type":"String","label":"Férias já foi paga?","size":"25%","order":11,"required":false,"validationRegex":"","tooltip":"Indica se as férias já foram processadas","mask":"","datasource":{"type":"Resulting","config":"{\"formField\":\"periodo\",\"dataSourceField\":\"ferpag\"}"},"appWorkflow":false,"isBreakLine":false},{"name":"datini","type":"Date","label":"Início 1º Período de Férias","size":"25%","order":13,"required":false,"validationRegex":"","tooltip":"Data de Início das Férias","mask":"DD/MM/AAAA","appWorkflow":false,"isBreakLine":false},{"name":"diafer","type":"Integer","label":"Nº de dias de Férias","size":"25%","order":14,"required":false,"validationRegex":"","tooltip":"Nº de dias de férias (Ex: 20 dias)","mask":"0","appWorkflow":false,"isBreakLine":false},{"name":"diaabo","type":"Integer","label":"Nº de dias de Abono (Mínimo 5 dias)","size":"25%","order":15,"required":false,"validationRegex":"","tooltip":"Número de dias de Abono","mask":"0","appWorkflow":false,"isBreakLine":false},{"name":"pag13s","type":"Boolean","label":"Incluir Pagamento de 13º?","size":"25%","order":16,"required":false,"validationRegex":"","mask":"","appWorkflow":false,"isBreakLine":false},{"name":"segper","type":"Boolean","label":"Programar 2º Período?","size":"25%","order":18,"required":false,"validationRegex":"","mask":"","appWorkflow":false,"isBreakLine":false},{"name":"datini2","type":"Date","label":"Início 2º Período de Férias","size":"25%","order":19,"required":false,"validationRegex":"","tooltip":"Data do 2º período de férias","mask":"DD/MM/AAAA","appWorkflow":false,"isBreakLine":false},{"name":"diafer2","type":"Integer","label":"Nº de dias de Férias","size":"25%","order":20,"required":false,"validationRegex":"","tooltip":"Número de dias de férias (Ex: 20 dias)","mask":"0","appWorkflow":false,"isBreakLine":true},{"name":"terper","type":"Boolean","label":"Programar 3º Período?","size":"25%","order":22,"required":false,"validationRegex":"","mask":"","appWorkflow":false,"isBreakLine":false},{"name":"datini3","type":"Date","label":"Início 3º Período de Férias","size":"25%","order":23,"required":false,"validationRegex":"","tooltip":"Data do 3º período de férias","mask":"DD/MM/AAAA","appWorkflow":false,"isBreakLine":false},{"name":"diafer3","type":"Integer","label":"Nº de dias de Férias (Mínimo 5 dias)","size":"25%","order":24,"required":false,"validationRegex":"","tooltip":"Número de dias de férias (Ex: 20 dias)","mask":"0","appWorkflow":false,"isBreakLine":false},{"name":"iniper1","type":"String","label":"Início do Período Aquisitivo (usado para regras)","size":"25%","order":25,"required":false,"validationRegex":"","tooltip":"Início do Período Aquisitivo","mask":"","datasource":{"type":"Resulting","config":"{\"formField\":\"periodo\",\"dataSourceField\":\"iniper\"}"},"appWorkflow":false,"isBreakLine":true},{"name":"fimper","type":"String","label":"Fim do Período Aquisitivo (usado para regras)","size":"25%","order":26,"required":false,"validationRegex":"","tooltip":"Fim do Período Aquisitivo","mask":"","datasource":{"type":"Resulting","config":"{\"formField\":\"periodo\",\"dataSourceField\":\"fimper\"}"},"appWorkflow":false,"isBreakLine":false},{"name":"numemp1","type":"String","label":"Empresa (usado para regras)","size":"25%","order":27,"required":false,"validationRegex":"","mask":"","appWorkflow":false,"isBreakLine":false},{"name":"tipcol1","type":"String","label":"Tipo do Colaborador (usado para regras)","size":"50%","order":28,"required":false,"validationRegex":"","mask":"","appWorkflow":false,"isBreakLine":false},{"name":"numcad1","type":"String","label":"Cadastro (usado para regras)","size":"25%","order":29,"required":false,"validationRegex":"","mask":"","appWorkflow":false,"isBreakLine":false},{"name":"lisfer1","type":"String","label":"Lista de Datas de Férias (usado para regras)","size":"100%","order":30,"required":false,"validationRegex":"","mask":"","appWorkflow":false,"isBreakLine":false},{"name":"usuche","type":"String","label":"Chefia Imediata (usado para regras)","size":"25%","order":31,"required":false,"validationRegex":"","mask":"","appWorkflow":false,"isBreakLine":false}],"formLayout":"{\"layoutElements\":[{\"elementType\":\"SEPARATOR\",\"layoutElement\":{\"name\":\"Clique na caixa abaixo para buscar o período disponível\",\"order\":2.0}},{\"elementType\":\"SEPARATOR\",\"layoutElement\":{\"name\":\"Última Programação de Férias\",\"order\":7.0}},{\"elementType\":\"SEPARATOR\",\"layoutElement\":{\"name\":\"Indique quando será a sua 1ª saída de férias\",\"order\":12.0}},{\"elementType\":\"SEPARATOR\",\"layoutElement\":{\"name\":\"Indique quando será a sua 2ª saída de férias\",\"order\":17.0}},{\"elementType\":\"SEPARATOR\",\"layoutElement\":{\"name\":\"Indique quando será a sua 3ª saída de férias\",\"order\":21.0}}],\"jsonVersion\":1}","internal":false,"formRules":[{"triggerType":"ON_FIELD_EXIT","triggerFields":["diaabo"],"condition":"${diaabo}  \u0026\u0026 ${diaabo} \u003c 5","actions":[{"type":"MAKE_FIELDS_CONSISTENCE","message":"A quantidade mínima para Abono são 5 dias","fields":["diaabo"]}],"enabled":true},{"triggerType":"ON_FIELD_EXIT","triggerFields":["terper","qtdsld","diafer2","diafer","diaabo"],"condition":"${terper} \u0026\u0026 ((parseInt(${qtdsld}) - (${diafer2} + ${diafer} + ${diaabo})) \u003e\u003d 5)","actions":[{"type":"ENABLE_FIELDS","fields":["diafer3","datini3"]},{"type":"MAKE_FIELDS_REQUIRED","fields":["datini3","diafer3"]}],"enabled":true},{"triggerType":"ON_FIELD_EXIT","triggerFields":["datini2","datini","diafer"],"condition":"${datini2} \u0026\u0026 ${datini2} \u003c (new Date(${datini}).setHours(0,0,0,0) + ((${diafer}) * 24 * 60 * 60 * 1000))","actions":[{"type":"MAKE_FIELDS_CONSISTENCE","message":"A data de saída de férias do 2º período deve ser maior que a data do 1º + os dias de férias + os dias de abono. Verifique!","fields":["datini2"]}],"enabled":true},{"triggerType":"ON_FIELD_EXIT","triggerFields":["datini3","datini2","diafer2"],"condition":"${datini3} \u0026\u0026 ${datini3} \u003c (new Date(${datini2}).setHours(0,0,0,0) + (${diafer2} * 24 * 60 * 60 * 1000))","actions":[{"type":"MAKE_FIELDS_CONSISTENCE","message":"A data de saída de férias do 3º período deve ser maior que a data do 2º + os dias de férias + os dias de abono. Verifique!","fields":["datini3"]}],"enabled":true},{"triggerType":"ON_FIELD_EXIT","triggerFields":["diafer2","qtdsld","diafer","diaabo"],"condition":"${diafer2}  \u0026\u0026 ${diafer2} \u003e (parseInt(${qtdsld}) - ${diafer} - ${diaabo})","actions":[{"type":"MAKE_FIELDS_CONSISTENCE","message":"A quantidade de dias de férias do 2º período não pode ser maior que o saldo levando em conta os dias de férias + abono do 1º período. Verifique!","fields":["diafer2"]}],"enabled":true},{"triggerType":"ON_FIELD_EXIT","triggerFields":["diafer3","qtdsld","diafer","diaabo","diafer2"],"condition":"${diafer3}  \u0026\u0026 ${diafer3} \u003e (parseInt(${qtdsld}) - ${diafer} - ${diaabo}  - ${diafer2})","actions":[{"type":"MAKE_FIELDS_CONSISTENCE","message":"A quantidade de dias de férias do 3º período não pode ser maior que o saldo levando em conta os dias de férias do 1º e 2º períodos e o  abono do 1º período. Verifique!","fields":["diafer3"]}],"enabled":true},{"triggerType":"ON_FIELD_EXIT","triggerFields":["datini","datsug"],"condition":"${datini} \u0026\u0026 ${datini} \u003c (new Date(${datsug}.substr(6,4)+\u0027/\u0027+${datsug}.substr(3,2)+\u0027/\u0027+${datsug}.substr(0,2)).setHours(0,0,0,0))","actions":[{"type":"MAKE_FIELDS_CONSISTENCE","message":"A data início das férias deve ser maior que a data de sugestão acima. Verifique!","fields":["datini"]}],"enabled":true},{"triggerType":"ON_START","triggerFields":[],"condition":"","actions":[{"type":"DISABLE_FIELDS","fields":["diafer2","datini2","diafer","diaabo","datini","segper","terper","datini3","diafer3"]}],"enabled":true},{"triggerType":"ON_FIELD_EXIT","triggerFields":["segper","qtdsld","diafer","diaabo"],"condition":"${segper} \u0026\u0026 ((parseInt(${qtdsld}) - (${diafer} + ${diaabo})) \u003e\u003d 5)","actions":[{"type":"ENABLE_FIELDS","fields":["diafer2","datini2","terper"]},{"type":"MAKE_FIELDS_REQUIRED","fields":["diafer2","datini2"]}],"enabled":true},{"triggerType":"ON_FIELD_EXIT","triggerFields":["datini","limcon"],"condition":"${datini} \u0026\u0026 ${datini} \u003e new Date(${limcon}.substr(6,4)+\u0027/\u0027+${limcon}.substr(3,2)+\u0027/\u0027+${limcon}.substr(0,2))","actions":[{"type":"MAKE_FIELDS_CONSISTENCE","message":"A data de início das férias não pode ser maior que o limite de concessão. Verifique!","fields":["datini"]}],"enabled":true},{"triggerType":"ON_FIELD_EXIT","triggerFields":["diafer","qtdsld"],"condition":"${diafer}  \u0026\u0026 ${diafer} \u003e parseInt(${qtdsld})","actions":[{"type":"MAKE_FIELDS_CONSISTENCE","message":"A quantidade de dias de férias não pode ser maior que o saldo (dias de direito menos dias já programados/pagos) do período aquisitivo","fields":["diafer"]}],"enabled":true},{"triggerType":"ON_FIELD_EXIT","triggerFields":["periodo"],"condition":"${periodo} !\u003d \u0027\u0027","actions":[{"type":"ENABLE_FIELDS","fields":["datini","diafer","segper","diaabo"]}],"enabled":true},{"triggerType":"ON_FIELD_EXIT","triggerFields":["diaabo","qtdsld","diafer"],"condition":"${diaabo} \u0026\u0026  ${diaabo} \u003e (parseInt(${qtdsld})-${diafer})","actions":[{"type":"MAKE_FIELDS_CONSISTENCE","message":"A quantidade de dias de abono não pode ser maior que o saldo menos os dias de férias","fields":["diaabo"]}],"enabled":true},{"triggerType":"ON_FIELD_EXIT","triggerFields":["datini"],"condition":"(new Date(${datini}).getDay()+1) \u003d\u003d 1 ||  (new Date(${datini}).getDay()+1) \u003d\u003d 7","actions":[{"type":"MAKE_FIELDS_CONSISTENCE","message":"A Data de Saída de Férias do 1º período não pode ser num final de semana. Verifique!","fields":["datini"]}],"enabled":true},{"triggerType":"ON_FIELD_EXIT","triggerFields":["datini2"],"condition":"(new Date(${datini2}).getDay()+1) \u003d\u003d 1 ||  (new Date(${datini2}).getDay()+1) \u003d\u003d 7","actions":[{"type":"MAKE_FIELDS_CONSISTENCE","message":"A Data de Saída de Férias do 2º período não pode ser num final de semana. Verifique!","fields":["datini2"]}],"enabled":true},{"triggerType":"ON_FIELD_EXIT","triggerFields":["datini3"],"condition":"(new Date(${datini3}).getDay()+1) \u003d\u003d 1 ||  (new Date(${datini3}).getDay()+1) \u003d\u003d 7","actions":[{"type":"MAKE_FIELDS_CONSISTENCE","message":"A Data de Saída de Férias do 3º período não pode ser num final de semana. Verifique!","fields":["datini3"]}],"enabled":true},{"triggerType":"ON_FIELD_EXIT","triggerFields":["lisfer1","datini"],"condition":"${lisfer1}.indexOf(\u00270\u0027+(new Date(${datini}).getDate())+\u0027/\u0027+(new Date(${datini}).getMonth()+1)+\u0027/\u0027+(new Date(${datini}).getFullYear())) \u003e 0","actions":[{"type":"MAKE_FIELDS_CONSISTENCE","message":"A Data escolhida é um feriado. Escolha outra data!","fields":["datini"]}],"enabled":true}]},"entity":{"name":"programacao_de_ferias_individual","title":"programacao_de_ferias_individual","type":"FORM","attributes":[{"name":"numcad1","type":"String"},{"name":"datini","type":"Date"},{"name":"diafer","type":"Integer"},{"name":"diaabo","type":"Integer"},{"name":"politica_de_saida_de_ferias","type":"String"},{"name":"nomfun","type":"String"},{"name":"buscar_periodo","type":"Boolean"},{"name":"numemp","type":"Integer"},{"name":"matricula_usado_para_regras","type":"Integer"},{"name":"numcad","type":"Integer"},{"name":"periodo_de_ferias","type":"String"},{"name":"periodo","type":"String"},{"name":"prgdat","type":"String"},{"name":"prgdfe","type":"String"},{"name":"prgdab","type":"String"},{"name":"iniper","type":"Date"},{"name":"fimper","type":"String"},{"name":"qtddir","type":"String"},{"name":"qtdsld","type":"String"},{"name":"iniper2","type":"String"},{"name":"ferpag","type":"String"},{"name":"segper","type":"Boolean"},{"name":"datini2","type":"Date"},{"name":"diafer2","type":"Integer"},{"name":"diaabo2","type":"Integer"},{"name":"iniper1","type":"String"},{"name":"limcon","type":"String"},{"name":"paga_13","type":"Boolean"},{"name":"terper","type":"Boolean"},{"name":"datini3","type":"Date"},{"name":"diafer3","type":"Integer"},{"name":"datsug","type":"String"},{"name":"nomfun2","type":"String"},{"name":"tipcol","type":"String"},{"name":"numemp1","type":"String"},{"name":"nomfun1","type":"String"},{"name":"tipcol1","type":"String"},{"name":"pag13s","type":"Boolean"},{"name":"lisfer1","type":"String"},{"name":"usuche","type":"String"}]},"dataSources":[{"id":11,"name":"feriasConsulta","format":"JSON","dataUrl":"http://ec2-3-237-205-148.compute-1.amazonaws.com:8080/SXI/G5Rest?server\u003dhttp://ec2-3-237-205-148.compute-1.amazonaws.com:8080\u0026module\u003drubi\u0026service\u003dcom.senior.bpm.dados\u0026port\u003dferiasConsulta\u0026DATASOURCEATTRNAME\u003dretorna","jsonRootElement":"retorna","entityName":"","filterSupport":false,"fields":[{"name":"iniper","description":"Início do Período","type":"String","fieldOrder":0},{"name":"fimper","description":"Fim do Período","type":"String","fieldOrder":1},{"name":"limcon","description":"Limite de Saída - Fim","type":"String","fieldOrder":2},{"name":"qtdsld","description":"Saldo de Férias","type":"String","fieldOrder":3},{"name":"prgdat","description":"Data da última Programação","type":"String","fieldOrder":4},{"name":"prgdfe","description":"Qtde dias - última programação","type":"String","fieldOrder":5},{"name":"prgdab","description":"Qtde abono - última programação","type":"String","fieldOrder":6},{"name":"ferpag","description":"Férias pagas?","type":"String","fieldOrder":7},{"name":"sugini","description":"Limite de Saída - Início","type":"String","fieldOrder":8},{"name":"pag13s","description":"Paga 13º ?","type":"String","fieldOrder":9}]}],"variableVisibility":"ONLY_PARTICIPATED","taskVisibleAfterTreated":false}